<?xml version="1.0" encoding="utf-8"?>
<feed xmlns="http://www.w3.org/2005/Atom">
    <id>https://jack-yixi.github.io</id>
    <title>Jack-yixi</title>
    <updated>2020-06-28T07:35:55.714Z</updated>
    <generator>https://github.com/jpmonette/feed</generator>
    <link rel="alternate" href="https://jack-yixi.github.io"/>
    <link rel="self" href="https://jack-yixi.github.io/atom.xml"/>
    <subtitle>学习分享
</subtitle>
    <logo>https://jack-yixi.github.io/images/avatar.png</logo>
    <icon>https://jack-yixi.github.io/favicon.ico</icon>
    <rights>All rights reserved 2020, Jack-yixi</rights>
    <entry>
        <title type="html"><![CDATA[PHP入门小项目——验证码]]></title>
        <id>https://jack-yixi.github.io/post/php-ru-men-xiao-xiang-mu-yan-zheng-ma</id>
        <link href="https://jack-yixi.github.io/post/php-ru-men-xiao-xiang-mu-yan-zheng-ma">
        </link>
        <updated>2020-06-28T07:16:22.000Z</updated>
        <content type="html"><![CDATA[<h2 id="直接上源代码相应的函数在代码中有解释">直接上源代码,相应的函数在代码中有解释</h2>
<pre><code>&lt;?php
header('Content-Type:image/jpeg');//以jpg形式输出
$width=120;
$height=40;
$img=imagecreatetruecolor($width,$height);//使用imagecreatetruecolor画一                                                                     //个图像，控制宽度与高度
$image_bg=imagecolorallocate($img, rand(200,255),rand(200,255), rand(200,255));//编写一个图像背景
$array=array('a','b','c','d','e','f','g','h','i','j','k','l','m','n','o','p','r','s','t','u','v','w','x','y','z','0','1','3','6','7','8','9','4','5','2');//创建数组编存放图片中可能出现的字符
$string='';
for($i=1;$i&lt;=4;$i++){
     $string.=$array[rand(0,count($array)-1)];//给图片添加需要输出字符串
}
imagefill($img,0,0,$image_bg);//imagefill 给图片填充背景颜色
for($i=0;$i&lt;=200;$i++){
    imagesetpixel($img , rand(0,119) , rand(0,39) ,imagecolorallocate($img, rand(20,200),rand(20,200), rand(00,200)) );// imagesetpixel给图片添加个单像
																																//素的点，提高难以辨别度

}
for($i=0;$i&lt;=2;$i++){
    imageline ($img , rand(30,$width/2) , rand(10,30) , rand($width/2,$width), rand(10,30) , imagecolorallocate($img, rand(20,200),rand(20,200), rand(00,200)) ) ;//imageline  给图片添加横线，提高难以辨别度

}
imagettftext ( $img, 20 ,rand(5,15), rand(30,40) , rand(30,35) ,imagecolorallocate($img, rand(20,100),rand(20,100), rand(20,100)) , 'Inkfree.ttf' , $string ) ;//imagettftext给图片添加验证码字符
imagejpeg($img);       //输出图片
?&gt;
</code></pre>
]]></content>
    </entry>
    <entry>
        <title type="html"><![CDATA[PHP入门之全局变量无法在函数中访问]]></title>
        <id>https://jack-yixi.github.io/post/php-ru-men-zhi-quan-ju-bian-liang-wu-fa-zai-han-shu-zhong-fang-wen</id>
        <link href="https://jack-yixi.github.io/post/php-ru-men-zhi-quan-ju-bian-liang-wu-fa-zai-han-shu-zhong-fang-wen">
        </link>
        <updated>2020-06-25T09:13:30.000Z</updated>
        <content type="html"><![CDATA[<h2 id="运行代码">运行代码</h2>
<pre><code>&lt;?php
$a=10;
function add($c,$b){
    $a++;
    return $c+$b;
}
$d=add(3,5);
echo $d;
echo '&lt;br /&gt;';
echo $a;
?&gt;
</code></pre>
<h2 id="运行报错">运行报错</h2>
<pre><code>Notice: Undefined variable: a in    D:\phpStudy\PHPTutorial\WWW\global.php on line 5
echo $a值为10
</code></pre>
<h2 id="修改">修改</h2>
<p>加入以下语句，在函数体声明外部全局变量</p>
<pre><code>global $a;
</code></pre>
<h2 id="完整代码">完整代码</h2>
<pre><code>&lt;?php
$a=10;
function add($c,$b){
    global $a;
    $a++;
    return $c+$b;
}
$d=add(3,5);
echo $d;
echo '&lt;br /&gt;';
echo $a;
?&gt;
</code></pre>
]]></content>
    </entry>
    <entry>
        <title type="html"><![CDATA[简单的前后端交互——php（jQuery-Ajax）]]></title>
        <id>https://jack-yixi.github.io/post/jian-dan-de-qian-hou-duan-jiao-hu-phpjquery-ajax</id>
        <link href="https://jack-yixi.github.io/post/jian-dan-de-qian-hou-duan-jiao-hu-phpjquery-ajax">
        </link>
        <updated>2020-04-16T11:51:24.000Z</updated>
        <content type="html"><![CDATA[<h2 id="1ajax给后端提供数据">1.Ajax给后端提供数据</h2>
<p>代码：</p>
<pre><code>&lt;div&gt;&lt;button id=&quot;aaa&quot;&gt;测试&lt;/button&gt;&lt;/div&gt;
&lt;script&gt;
$(document).ready(function(){
			    $(&quot;#aaa&quot;).click(function(){

				$.post(&quot;./api/captcha.php&quot;, 
					{
						name:&quot;菜鸟教程&quot;,
						url:&quot;https://www.www.tdyixi.cn&quot;
					},
				function(data,status){
				alert(&quot;数据: \n&quot; + data + &quot;\n状态: &quot; + status);
						});
                    });
                });
&lt;/script&gt;
</code></pre>
<p>注：1.通过<span class='katex-error' title='ParseError: KaTeX parse error: Expected &#039;EOF&#039;, got &#039;#&#039; at position 3: (&quot;#̲aaa&quot;).click(fun…'>(&quot;#aaa&quot;).click(function()给按钮添加事件。
	   	2.使用</span>.post() 方法通过 HTTP POST 请求向服务器提交数据。<br>
3.function(data,status)为回调函数。<br>
4.切记不要忘了引用jQuery文件。</p>
<h2 id="2后端接受到数据">2.后端接受到数据</h2>
<p>代码：</p>
<pre><code>&lt;?php
$name=$_POST['name'];
$url=$_POST['url'];
print_r(&quot;我接收到了&quot;.$name);
print_r(https://jack-yixi.github.io/post-images/1587041578759.png)
echo &quot;succes&quot;;
?&gt;
</code></pre>
<p>注：通过print_r打印出所获取的内容，最终并返回success。</p>
<h2 id="3结果">3.结果</h2>
<img width="300px" src="C:\Users\Lenovo\Desktop\_(RFZJLC)XJBP9D$~XDEI~C.png" />]]></content>
    </entry>
    <entry>
        <title type="html"><![CDATA[MySQL笔记]]></title>
        <id>https://jack-yixi.github.io/post/mysql-bi-ji</id>
        <link href="https://jack-yixi.github.io/post/mysql-bi-ji">
        </link>
        <updated>2020-04-08T06:05:11.000Z</updated>
        <content type="html"><![CDATA[<h1 id="一如何使用终端操作数据库">一，如何使用终端操作数据库？</h1>
<h2 id="增删改查">增删改查</h2>
<h3 id="1如何查询数据库服务器中的所有数据库">1，如何查询数据库服务器中的所有数据库？</h3>
<pre><code>	mysql&gt; show databases;
	+--------------------+
	| Database        		   |
	+--------------------+
	| information_schema 	|
	| mysql             		       |
	| performance_schema |
	| test              			       |
	| zt                			        |
	+-----------------------+
	5 rows in set (0.00 sec)
</code></pre>
<h3 id="2如何选中某一个数据库进行操作">2，如何选中某一个数据库进行操作？</h3>
<pre><code>mysql&gt; use test（数据库名字）
Database changed
查询：mysql&gt; select * from admin;
</code></pre>
<h3 id="3如何退出数据库服务器">3，如何退出数据库服务器？</h3>
<pre><code>mysql&gt;exit;
Bye
</code></pre>
<h3 id="4如何在数据库服务器中创建数据库">4,如何在数据库服务器中创建数据库？</h3>
<pre><code>mysql&gt; create database text;
Query OK, 1 row affected (0.00 sec)
</code></pre>
<h3 id="5如何查看某个数据库中的数据表">5，如何查看某个数据库中的数据表？</h3>
<pre><code>mysql&gt;show tables;
ERROR 1046 (3D000): No database selected（一个数据表都没有）
</code></pre>
<h3 id="6如何创建一个数据表">6，如何创建一个数据表？</h3>
<pre><code>		mysql&gt; CREATE TABLE pet (
    -&gt; name VARCHAR(20),
    -&gt; owner VARCHAR(20),
    -&gt; species VARCHAR(20),
    -&gt; sex CHAR(1),
    -&gt; birth DATE,
    -&gt; death DATE);
</code></pre>
<h3 id="7查看是否创建成功">7，查看是否创建成功：</h3>
<pre><code>mysql&gt;show tables;
+--------------+
| Tables_in_zt |
+--------------+
| pet                |
+--------------+
1 row in set (0.00 sec)
</code></pre>
<h3 id="8查看创建好的数据表的结构">8，查看创建好的数据表的结构：</h3>
<pre><code>mysql&gt;describe pet；
+---------+------------------+------+-------+----------+-------+
| Field     | Type             | Null | Key  | Default | Extra |
+---------+------------------+------+-----+---------+-------+
| name    | varchar(20) | YES  |        | NULL    |          |
| owner   | varchar(20) | YES  |        | NULL    |          |
| species | varchar(20) | YES  |        | NULL    |          |
| sex        | char(1)        | YES  |        | NULL    |          |
| birth       | date            | YES  |        | NULL    |          |
| death     | date            | YES  |        | NULL    |          |
+---------+------------------+-------+-------+----------+-------+
6 rows in set (0.08 sec)
</code></pre>
<h3 id="9如何删除一张数据表">9，如何删除一张数据表：</h3>
<pre><code>mysql&gt; drop table wlb;
Query OK, 0 rows affected (0.00 sec)
</code></pre>
<h3 id="10如何查看数据表中的记录">10，如何查看数据表中的记录？</h3>
<pre><code>mysql&gt; select * from pet;
Empty set (0.01 sec)
</code></pre>
<h3 id="11如何往数据库中插入数据记录">11,如何往数据库中插入数据记录？</h3>
<pre><code>（1）mysql&gt; insert into pet
   	 -&gt; values ('puffball','diane','hamster','f','1999-03-30',null);
Query OK, 1 row affected (0.12 sec)
（2）mysql&gt; insert into pet
   -&gt;（name）values(&quot;110&quot;);
*/name为已有的/*
+----------+-------+---------+------+------------+------------+
| name     | owner | species | sex  | birth      | death      |
+----------+-------+---------+------+------------+------------+
| puffball | diane | hamster | f    | 1999-03-30 | NULL       |
|          |       |         |      | 1900-02-23 | 0000-00-00    |
|          |       |         |      | 0000-00-00 | NULL          |
| 110      | NULL  | NULL    | NULL | NULL       | NULL       |
+----------+-------+---------+------+------------+------------+
</code></pre>
<h3 id="12再一次查询">12，再一次查询？</h3>
<pre><code>mysql&gt; select * from pet;
+----------+----------+------------+------+-----------------+-------+
| name     | owner | species  | sex  |        birth       | death |
+----------+----------+------------+------+-----------------+-------+
| puffball | diane    | hamster |    f    | 1999-03-30 | NULL |
+----------+----------+------------+------+------------------+-------+
1 row in set (0.00 sec)
</code></pre>
<h3 id="单一查询">单一查询：</h3>
<pre><code>mysql&gt; select * from pet where name=110；
+------+-------+---------+------+-------+-------+
| name | owner | species | sex  | birth | death |
+------+-------+---------+------+-------+-------+
| 110  | NULL  | NULL    | NULL | NULL  | NULL  |
+------+-------+---------+------+-------+-------+
1 row in set, 1 warning (0.00 sec)
</code></pre>
<h3 id="13如何删除数据记录">13，如何删除数据记录：</h3>
<pre><code>mysql&gt; delete from pet where death=0000-00-00;
Query OK, 1 row affected (0.00 sec)

mysql&gt; select * from pet;
+----------+-------+---------+------+------------+-------+
| name     | owner | species | sex  | birth      | death |
+----------+-------+---------+------+------------+-------+
| puffball | diane | hamster | f    | 1999-03-30 | NULL  |
+----------+-------+---------+------+------------+-------+
1 row in set (0.00 sec)
</code></pre>
<h3 id="14如何更改数据记录">14，如何更改数据记录：</h3>
<pre><code>update pet name=ok where name=puffball; 
*/把puffball改为ok/*、
</code></pre>
<h3 id="15mysql常用数据类型">15，MySQL常用数据类型：</h3>
<h4 id="菜鸟教程查询">菜鸟教程查询</h4>
<h3 id="16主键约束">16.主键约束</h3>
<pre><code>mysql&gt;  create table ren(
id int primary key,
name varchar(20)
);
Query OK, 0 rows affected (0.14 sec)
mysql&gt; select * from ren;
+----+------+
| id | name |
+----+------+
|  1 | ???? |
+----+------+
1 row in set (0.00 sec)


mysql&gt; insert into ren values(1,'张三');
ERROR 1062 (23000): Duplicate entry '1' for key 'PRIMARY'
mysql&gt; insert into ren values(2,'张三');
Query OK, 1 row affected, 2 warnings (0.00 sec)

mysql&gt; select * from ren;
+----+------+
| id | name |
+----+------+
|  1 | ???? |
|  2 | ???? |
+----+------+
2 rows in set (0.00 sec)
</code></pre>
<h3 id="联合主键">联合主键</h3>
<pre><code>mysql&gt;  create table ren2(
    -&gt; id int ,
    -&gt; name varchar(20),
    -&gt; primary key(id,name)
    -&gt; );
Query OK, 0 rows affected (0.06 sec)

mysql&gt; insert into ren2 values(1,'张三');
Query OK, 1 row affected, 2 warnings (0.00 sec)

mysql&gt; insert into ren2 values(null,'张三');
ERROR 1048 (23000): Column 'id' cannot be null
mysql&gt; insert into ren2 values(1,'张三');
ERROR 1062 (23000): Duplicate entry '1-????' for key 'PRIMARY'
mysql&gt; select * from ren2;
+----+------+
| id | name |
+----+------+
|  1 | ???? |
+----+------+
1 row in set (0.00 sec)
</code></pre>
<h4 id="只要id和那么加起来不相同就可以添加数据">只要id和那么加起来不相同就可以添加数据</h4>
<h3 id="自增主键">自增主键</h3>
<pre><code>create table ren3(id int primary key auto_increment,name varchar(20));
Query OK, 0 rows affected (0.24 sec)

mysql&gt; insert into ren3 (name) values('zhangsan');
Query OK, 1 row affected (0.00 sec)
mysql&gt; select * from ren3;
+----+----------+
| id | name     |
+----+----------+
|  1 | zhangsan |
+----+----------+
1 row in set (0.00 sec)
</code></pre>
<h4 id="会自动给id排列">会自动给id排列</h4>
<h3 id="17唯一约束">17.唯一约束</h3>
<h4 id="约束修饰的字段不可重复">约束修饰的字段不可重复</h4>
<pre><code>1.mysql&gt;create table ren5(
id int,
name varchar(20)
);
mysql&gt; create table ren5(
    -&gt; id int,
    -&gt; name varchar(20)
    -&gt; );
Query OK, 0 rows affected (0.29 sec)
mysql&gt; alter table ren5 add unique(name);
Query OK, 0 rows affected (0.09 sec)
Records: 0  Duplicates: 0  Warnings: 0


2.mysql&gt; create table ren6(
    -&gt; id int,
    -&gt; name varchar(20),
    -&gt; unique (name)
    -&gt; );
Query OK, 0 rows affected (0.09 sec)
</code></pre>
<h3 id="如何删除unique">如何删除unique</h3>
<pre><code>mysql&gt; alter table ren5 drop name;
Query OK, 0 rows affected (0.12 sec)
Records: 0  Duplicates: 0  Warnings: 0

mysql&gt; desc ren5;
+-------+---------+------+-----+---------+-------+
| Field | Type    | Null | Key | Default | Extra |
+-------+---------+------+-----+---------+-------+
| id    | int(11) | YES  |     | NULL    |       |
+-------+---------+------+-----+---------+-------+
1 row in set (0.01 sec)
</code></pre>
<h4 id="modify添加unique">modify添加unique？</h4>
<pre><code> mysql&gt; alter table ren7 modify name varchar (20) unique;
Query OK, 0 rows affected (0.11 sec)
Records: 0  Duplicates: 0  Warnings: 0

mysql&gt; desc ren7;
+-------+-------------+------+-----+---------+-------+
| Field | Type        | Null | Key | Default | Extra |
+-------+-------------+------+-----+---------+-------+
| id    | int(11)     | YES  |     | NULL    |       |
| name  | varchar(20) | YES  | UNI | NULL    |       |
+-------+-------------+------+-----+---------+-------+
2 rows in set (0.06 sec)
</code></pre>
<h3 id="18非空约束">18.非空约束</h3>
<pre><code>create table ren8(id int,name varchar(20) not null);
Query OK, 0 rows affected (0.38 sec)

mysql&gt; desc ren8;
+-------+-------------+------+-----+---------+-------+
| Field | Type        | Null | Key | Default | Extra |
+-------+-------------+------+-----+---------+-------+
| id    | int(11)     | YES  |     | NULL    |       |
| name  | varchar(20) | NO   |     | NULL    |       |
+-------+-------------+------+-----+---------+-------+
2 rows in set (0.20 sec)
</code></pre>
<h3 id="19默认约束">19.默认约束</h3>
<h4 id="当没有出传值的时候会给定默认值传值后不使用默认值">当没有出传值的时候会给定默认值，传值后不使用默认值</h4>
<pre><code>create table ren9(id int,name varchar(20),age int default 10);
Query OK, 0 rows affected (0.10 sec)

mysql&gt; desc ren9;
+-------+-------------+------+-----+---------+-------+
| Field | Type        | Null | Key | Default | Extra |
+-------+-------------+------+-----+---------+-------+
| id    | int(11)     | YES  |     | NULL    |       |
| name  | varchar(20) | YES  |     | NULL    |       |
| age   | int(11)     | YES  |     | 10      |       |
+-------+-------------+------+-----+---------+-------+
3 rows in set (0.01 sec)

mysql&gt; insert into ren9 (id,name) values (1,'zhangsan');
Query OK, 1 row affected (0.00 sec)


mysql&gt; select * from ren9;
+------+----------+------+
| id   | name     | age  |
+------+----------+------+
|    1 | zhangsan |   10 |
+------+----------+------+
1 row in set (0.00 sec)


mysql&gt; insert into ren9 (id,name,age) values (2,'lisi',19);
Query OK, 1 row affected (0.00 sec)


mysql&gt; select * from ren9;
+------+----------+------+
| id   | name     | age  |
+------+----------+------+
|    1 | zhangsan |   10 |
|    2 | lisi     |   19 |
+------+----------+------+
2 rows in set (0.00 sec)
</code></pre>
<h3 id="20主键约束">20.主键约束</h3>
<h4 id="1主表classes中没有的数值副表不能使用">1.主表classes中没有的数值，副表不能使用</h4>
<pre><code>mysql&gt; create table classes(id int primary key,name varchar(20));
Query OK, 0 rows affected (0.08 sec)

mysql&gt; create table students(id int primary key,name varchar(20),class_id int,foreign key(class_id) references classes(id));
Query OK, 0 rows affected (0.09 sec)

mysql&gt; insert into classes values(1,'张三');
Query OK, 1 row affected, 2 warnings (0.00 sec)

mysql&gt; insert into classes values(2,'张三');
Query OK, 1 row affected, 2 warnings (0.00 sec)

mysql&gt; insert into classes values(3,'张三');
Query OK, 1 row affected, 2 warnings (0.00 sec)

mysql&gt; insert into classes values(4,'张三');
Query OK, 1 row affected, 2 warnings (0.00 sec)

mysql&gt; insert into students values(1001,'张三',1);
Query OK, 1 row affected, 2 warnings (0.00 sec)

mysql&gt; insert into students values(1001,'张三',5);
ERROR 1062 (23000): Duplicate entry '1001' for key 'PRIMARY'
mysql&gt;
</code></pre>
]]></content>
    </entry>
    <entry>
        <title type="html"><![CDATA[简单的报名程序(后端)-php——登录篇]]></title>
        <id>https://jack-yixi.github.io/post/jian-dan-de-bao-ming-cheng-xu-hou-duan-php-deng-lu-pian</id>
        <link href="https://jack-yixi.github.io/post/jian-dan-de-bao-ming-cheng-xu-hou-duan-php-deng-lu-pian">
        </link>
        <updated>2020-04-08T05:12:40.000Z</updated>
        <content type="html"><![CDATA[<h2 id="1链接数据库-设置字符集-选择数据库">1.链接数据库	、设置字符集	、选择数据库</h2>
<pre><code>		$con=mysqli_connect(&quot;localhost&quot;,&quot;root&quot;,&quot;root&quot;);
		header('Content-type:text/html;charset=utf-8');
		mysqli_query($con,&quot;use study&quot;);
</code></pre>
<p>注:study是数据库。</p>
<h2 id="2去查询用户名是否存在不存在提示用户名不存在">2.去查询用户名是否存在，不存在提示用户名不存在</h2>
<pre><code>	$sql=&quot;select password as total from wlb where username='$username'&quot;;
	$res=mysqli_query($con,$sql);
	$row=mysqli_fetch_array($res);
	if(!$row[0]){
			echo &quot;用户名不存在&quot;;
			?&gt;
			&lt;a href=&quot;../login.html&quot;&gt;返回登录&lt;/a&gt;
			&lt;?php
</code></pre>
<p>注：通过<br>
<code>$sql=&quot;select password as total from wlb where username='$username'&quot;;</code><br>
查询数据表wlb中是否有与用户输入的相同用户名的密码。</p>
<h2 id="3存在则继续查询密码是否正确不正确提示密码错误">3.存在则继续查询密码是否正确，不正确提示密码错误</h2>
<pre><code>	}else if($row[0]!=$_POST['password']){
    echo &quot;密码输入错误&quot;;
    ?&gt;
    &lt;a href=&quot;../login.html&quot;&gt;返回登录&lt;/a&gt;
    &lt;?php
	}else{
</code></pre>
<p>注：通过返回的密码与存在的用户名的密码比对，提示密码是否输入正确</p>
<h2 id="4密码用户名均正确则跳转登陆页面">4.密码用户名均正确，则跳转登陆页面</h2>
<pre><code>			echo &quot;登录成功&quot;;
	?&gt;
			&lt;a href=&quot;../succes.html&quot;&gt;确定&lt;/a&gt;
	&lt;?php
	}
	?&gt;
</code></pre>
<p>注：同样html代码不能写在php里面</p>
]]></content>
    </entry>
    <entry>
        <title type="html"><![CDATA[简单的报名程序(后端)-php——注册篇]]></title>
        <id>https://jack-yixi.github.io/post/jian-dan-de-bao-ming-cheng-xu-hou-duan-php</id>
        <link href="https://jack-yixi.github.io/post/jian-dan-de-bao-ming-cheng-xu-hou-duan-php">
        </link>
        <updated>2020-04-07T06:34:15.000Z</updated>
        <content type="html"><![CDATA[<h2 id="1链接数据库-设置字符集-选择数据库">1.链接数据库	、设置字符集	、选择数据库</h2>
<pre><code>		$con=mysqli_connect(&quot;localhost&quot;,&quot;root&quot;,&quot;root&quot;);
		header('Content-type:text/html;charset=utf-8');
		mysqli_query($con,&quot;use study&quot;);
</code></pre>
<p>注:study是数据库。</p>
<h2 id="2拿到字段-用户-密码">2.拿到字段 用户 密码</h2>
<pre><code>	$username=$_POST['username'];
	$password=$_POST['password']; 
</code></pre>
<h2 id="3去查询-用户名有没有没占用">3.去查询 用户名有没有没占用</h2>
<pre><code>	$sql=&quot;select count(*) as total from wlb where username='$username'&quot;;
	$res=mysqli_query($con,$sql);
	$row=mysqli_fetch_array($res);
	$count=$row['total'];
</code></pre>
<p>注：通过查询用户所输入的用户名与数据表wlb中的用户名(username)进行比对，查看是否有记录。</p>
<h2 id="4根据返回值判断是否成功">4.根据返回值，判断是否成功</h2>
<pre><code>if($count&gt;0){
    echo &quot;用户名已经被占用&quot;;
?&gt;
    &lt;a href=&quot;../register.html&quot;&gt;返回注册&lt;/a&gt;
&lt;?php
    }else{
    $sql=&quot;insert into wlb(password,username)values('$password','$username')&quot;;
    $res=mysqli_query($con,$sql);
    if($res&gt;0){
        echo &quot;注册成功&quot;;
?&gt; 
    &lt;a href=&quot;../login.html&quot;&gt;返回登录&lt;/a&gt;
</code></pre>
<p>注：如果用户名被占用，这提示被占用，并返回注册界面，如果没有被占用，则以通过。<br>
<code>$sql=&quot;insertintowlb(password,username)values('$password','$username')&quot;;</code><br>
向wlb表中添加记录。</p>
<pre><code>&lt;?php
    }else{
        echo &quot;注册失败，后台程序错误&quot;;
?&gt; 
    &lt;a href=&quot;../login.html&quot;&gt;返回登录&lt;/a&gt;
&lt;?php  
</code></pre>
<p>注：如果返回值并非大于零，则为后台程序出现错误，返回注册失败，后台程序错误。<br>
注：html代码不能写在php代码里面。</p>
]]></content>
    </entry>
</feed>